{"cameraMode":{"drawMode":0,"name":"Shaded","section":"Shading Mode"},"sceneLighting":false,"audioPlay":false,"sceneViewState":{"showFog":false,"showMaterialUpdate":false,"showSkybox":true,"showFlares":true,"showImageEffects":true,"showParticleSystems":true},"in2DMode":false,"pivot":{"x":27.715885162353517,"y":8.139774322509766,"z":39.22743225097656},"rotation":{"x":0.081239715218544,"y":-0.007558912970125675,"z":0.00017186114564538002,"w":0.9968786239624023},"size":44.08893585205078,"orthographic":false}