{"cameraMode":{"drawMode":0,"name":"Shaded","section":"Shading Mode"},"sceneLighting":false,"audioPlay":false,"sceneViewState":{"showFog":false,"showMaterialUpdate":false,"showSkybox":true,"showFlares":true,"showImageEffects":true,"showParticleSystems":true},"in2DMode":false,"pivot":{"x":-36.24327087402344,"y":-79.54533386230469,"z":801.0280151367188},"rotation":{"x":-0.055785056203603747,"y":-0.005393612198531628,"z":0.00014002555690240115,"w":-0.998513400554657},"size":882.68017578125,"orthographic":false}