{"cameraMode":{"drawMode":0,"name":"Shaded","section":"Shading Mode"},"sceneLighting":false,"audioPlay":false,"sceneViewState":{"showFog":false,"showMaterialUpdate":false,"showSkybox":true,"showFlares":true,"showImageEffects":true,"showParticleSystems":true},"in2DMode":false,"pivot":{"x":-13.667957305908204,"y":29.67530632019043,"z":103.3052978515625},"rotation":{"x":-0.03893379122018814,"y":-0.0539332777261734,"z":-0.0021031482610851528,"w":0.9977957010269165},"size":161.77288818359376,"orthographic":false}