{"cameraMode":{"drawMode":0,"name":"Shaded","section":"Shading Mode"},"sceneLighting":false,"audioPlay":false,"sceneViewState":{"showFog":false,"showMaterialUpdate":false,"showSkybox":true,"showFlares":true,"showImageEffects":true,"showParticleSystems":true},"in2DMode":false,"pivot":{"x":-89.4000015258789,"y":-10.899999618530274,"z":81.37999725341797},"rotation":{"x":-0.03917267173528671,"y":-0.08474357426166535,"z":0.0031981586944311859,"w":-0.9957218170166016},"size":10.888042449951172,"orthographic":false}