{"cameraMode":{"drawMode":0,"name":"Shaded","section":"Shading Mode"},"sceneLighting":false,"audioPlay":false,"sceneViewState":{"showFog":false,"showMaterialUpdate":false,"showSkybox":true,"showFlares":true,"showImageEffects":true,"showParticleSystems":true},"in2DMode":false,"pivot":{"x":-17.245872497558595,"y":22.200454711914064,"z":45.306034088134769},"rotation":{"x":0.03031589277088642,"y":-0.03154408931732178,"z":0.0003636594337876886,"w":0.9992359280586243},"size":95.82457733154297,"orthographic":false}