{"cameraMode":{"drawMode":0,"name":"Shaded","section":"Shading Mode"},"sceneLighting":false,"audioPlay":false,"sceneViewState":{"showFog":false,"showMaterialUpdate":false,"showSkybox":true,"showFlares":true,"showImageEffects":true,"showParticleSystems":true},"in2DMode":false,"pivot":{"x":2.2738869190216066,"y":-7.304370880126953,"z":247.40560913085938},"rotation":{"x":0.03331347927451134,"y":-0.003063551150262356,"z":-0.0005210547242313623,"w":0.9996436238288879},"size":249.3319549560547,"orthographic":false}