{"cameraMode":{"drawMode":0,"name":"Shaded","section":"Shading Mode"},"sceneLighting":false,"audioPlay":false,"sceneViewState":{"showFog":false,"showMaterialUpdate":false,"showSkybox":true,"showFlares":true,"showImageEffects":true,"showParticleSystems":true},"in2DMode":false,"pivot":{"x":-11.6605224609375,"y":-25.15729522705078,"z":-41.627464294433597},"rotation":{"x":0.04530159756541252,"y":-0.007510865572839975,"z":0.0002901208936236799,"w":0.9990999698638916},"size":212.3025360107422,"orthographic":false}