{"cameraMode":{"drawMode":0,"name":"Shaded","section":"Shading Mode"},"sceneLighting":false,"audioPlay":false,"sceneViewState":{"showFog":false,"showMaterialUpdate":false,"showSkybox":true,"showFlares":true,"showImageEffects":true,"showParticleSystems":true},"in2DMode":false,"pivot":{"x":-8.98418140411377,"y":-9.284208297729493,"z":44.172725677490237},"rotation":{"x":0.08682466298341751,"y":-0.038842782378196719,"z":0.0033892979845404627,"w":0.9954652190208435},"size":301.5590515136719,"orthographic":false}