{"cameraMode":{"drawMode":0,"name":"Shaded","section":"Shading Mode"},"sceneLighting":false,"audioPlay":false,"sceneViewState":{"showFog":false,"showMaterialUpdate":false,"showSkybox":true,"showFlares":true,"showImageEffects":true,"showParticleSystems":true},"in2DMode":false,"pivot":{"x":-6.777259826660156,"y":57.622779846191409,"z":108.6988525390625},"rotation":{"x":0.13455773890018464,"y":-0.022293774411082269,"z":0.0030262924265116455,"w":0.9906607270240784},"size":186.21554565429688,"orthographic":false}