{"cameraMode":{"drawMode":0,"name":"Shaded","section":"Shading Mode"},"sceneLighting":false,"audioPlay":false,"sceneViewState":{"showFog":false,"showMaterialUpdate":false,"showSkybox":true,"showFlares":true,"showImageEffects":true,"showParticleSystems":true},"in2DMode":false,"pivot":{"x":-51.162227630615237,"y":-55.521522521972659,"z":582.3568725585938},"rotation":{"x":0.09723544120788574,"y":-0.04775622487068176,"z":0.0046629211865365509,"w":0.9941226243972778},"size":1911.5384521484375,"orthographic":false}