{"cameraMode":{"drawMode":0,"name":"Shaded","section":"Shading Mode"},"sceneLighting":false,"audioPlay":false,"sceneViewState":{"showFog":false,"showMaterialUpdate":false,"showSkybox":true,"showFlares":true,"showImageEffects":true,"showParticleSystems":true},"in2DMode":false,"pivot":{"x":54.97998046875,"y":-74.10000610351563,"z":455.5},"rotation":{"x":-0.06467637419700623,"y":-0.051442887634038928,"z":0.003460309701040387,"w":-0.9966403841972351},"size":332.3343811035156,"orthographic":false}