{"cameraMode":{"drawMode":0,"name":"Shaded","section":"Shading Mode"},"sceneLighting":false,"audioPlay":false,"sceneViewState":{"showFog":false,"showMaterialUpdate":false,"showSkybox":true,"showFlares":true,"showImageEffects":true,"showParticleSystems":true},"in2DMode":false,"pivot":{"x":-7.039841651916504,"y":57.47305679321289,"z":104.12937927246094},"rotation":{"x":-0.02249986305832863,"y":0.007494668941944838,"z":0.00007851907867006958,"w":0.9997879266738892},"size":229.33485412597657,"orthographic":false}