{"cameraMode":{"drawMode":0,"name":"Shaded","section":"Shading Mode"},"sceneLighting":false,"audioPlay":false,"sceneViewState":{"showFog":false,"showMaterialUpdate":false,"showSkybox":true,"showFlares":true,"showImageEffects":true,"showParticleSystems":true},"in2DMode":false,"pivot":{"x":-16.428037643432618,"y":12.237509727478028,"z":111.82733154296875},"rotation":{"x":0.08976223319768906,"y":-0.050771839916706088,"z":0.004582554567605257,"w":0.9946635365486145},"size":179.39199829101563,"orthographic":false}