{"cameraMode":{"drawMode":0,"name":"Shaded","section":"Shading Mode"},"sceneLighting":false,"audioPlay":false,"sceneViewState":{"showFog":false,"showMaterialUpdate":false,"showSkybox":true,"showFlares":true,"showImageEffects":true,"showParticleSystems":true},"in2DMode":false,"pivot":{"x":-19.20574378967285,"y":42.10221862792969,"z":155.24075317382813},"rotation":{"x":0.013819017447531224,"y":-0.004600369371473789,"z":-0.0009953111875802279,"w":1.0001496076583863},"size":277.0024108886719,"orthographic":false}