{"cameraMode":{"drawMode":0,"name":"Shaded","section":"Shading Mode"},"sceneLighting":false,"audioPlay":false,"sceneViewState":{"showFog":false,"showMaterialUpdate":false,"showSkybox":true,"showFlares":true,"showImageEffects":true,"showParticleSystems":true},"in2DMode":false,"pivot":{"x":28.855770111083986,"y":67.66880798339844,"z":160.1605224609375},"rotation":{"x":0.04483061283826828,"y":0.14038632810115815,"z":-0.006502463016659021,"w":0.9891815781593323},"size":349.66851806640627,"orthographic":false}