{"cameraMode":{"drawMode":0,"name":"Shaded","section":"Shading Mode"},"sceneLighting":false,"audioPlay":false,"sceneViewState":{"showFog":false,"showMaterialUpdate":false,"showSkybox":true,"showFlares":true,"showImageEffects":true,"showParticleSystems":true},"in2DMode":false,"pivot":{"x":2.2898998260498049,"y":5.5,"z":34.599998474121097},"rotation":{"x":-0.09915117919445038,"y":-0.0008986768661998212,"z":0.000033353175240335986,"w":-0.995124340057373},"size":51.53517150878906,"orthographic":false}