{"cameraMode":{"drawMode":0,"name":"Shaded","section":"Shading Mode"},"sceneLighting":false,"audioPlay":false,"sceneViewState":{"showFog":false,"showMaterialUpdate":false,"showSkybox":true,"showFlares":true,"showImageEffects":true,"showParticleSystems":true},"in2DMode":false,"pivot":{"x":3.363986015319824,"y":89.93982696533203,"z":73.67200469970703},"rotation":{"x":-0.17010612785816194,"y":-0.02807033248245716,"z":-0.004956400487571955,"w":0.9850730299949646},"size":163.8438720703125,"orthographic":false}