{"cameraMode":{"drawMode":0,"name":"Shaded","section":"Shading Mode"},"sceneLighting":false,"audioPlay":false,"sceneViewState":{"showFog":false,"showMaterialUpdate":false,"showSkybox":true,"showFlares":true,"showImageEffects":true,"showParticleSystems":true},"in2DMode":false,"pivot":{"x":1.8478267192840577,"y":9.794878005981446,"z":215.49172973632813},"rotation":{"x":0.010191243141889573,"y":-0.0038967635482549669,"z":-0.00008215727575588971,"w":-0.9999982118606567},"size":216.24014282226563,"orthographic":false}