{"cameraMode":{"drawMode":0,"name":"Shaded","section":"Shading Mode"},"sceneLighting":false,"audioPlay":false,"sceneViewState":{"showFog":false,"showMaterialUpdate":false,"showSkybox":true,"showFlares":true,"showImageEffects":true,"showParticleSystems":true},"in2DMode":false,"pivot":{"x":-5.876993179321289,"y":-4.872917175292969,"z":213.66702270507813},"rotation":{"x":-0.054279182106256488,"y":-0.015876177698373796,"z":0.0008222771575674415,"w":-0.9984573721885681},"size":268.4569396972656,"orthographic":false}