{"cameraMode":{"drawMode":0,"name":"Shaded","section":"Shading Mode"},"sceneLighting":false,"audioPlay":false,"sceneViewState":{"showFog":false,"showMaterialUpdate":false,"showSkybox":true,"showFlares":true,"showImageEffects":true,"showParticleSystems":true},"in2DMode":false,"pivot":{"x":-0.7344741821289063,"y":18.397048950195314,"z":43.46989822387695},"rotation":{"x":-0.046792421489953998,"y":0.008091018535196782,"z":-0.0004821658367291093,"w":-0.9989455938339233},"size":115.03330993652344,"orthographic":false}