{"cameraMode":{"drawMode":0,"name":"Shaded","section":"Shading Mode"},"sceneLighting":false,"audioPlay":false,"sceneViewState":{"showFog":false,"showMaterialUpdate":false,"showSkybox":true,"showFlares":true,"showImageEffects":true,"showParticleSystems":true},"in2DMode":false,"pivot":{"x":-39.27326965332031,"y":40.31257247924805,"z":595.6561889648438},"rotation":{"x":0.06289153546094895,"y":-0.04639343172311783,"z":0.0029191472567617895,"w":0.9969548583030701},"size":1184.7039794921875,"orthographic":false}