{"cameraMode":{"drawMode":0,"name":"Shaded","section":"Shading Mode"},"sceneLighting":false,"audioPlay":false,"sceneViewState":{"showFog":false,"showMaterialUpdate":false,"showSkybox":true,"showFlares":true,"showImageEffects":true,"showParticleSystems":true},"in2DMode":false,"pivot":{"x":1.1608505249023438,"y":89.79792785644531,"z":143.94085693359376},"rotation":{"x":-0.013800930231809616,"y":0.03358940780162811,"z":-0.0004781292809639126,"w":-0.9993683695793152},"size":350.0713806152344,"orthographic":false}