{"cameraMode":{"drawMode":0,"name":"Shaded","section":"Shading Mode"},"sceneLighting":false,"audioPlay":false,"sceneViewState":{"showFog":false,"showMaterialUpdate":false,"showSkybox":true,"showFlares":true,"showImageEffects":true,"showParticleSystems":true},"in2DMode":false,"pivot":{"x":8.382143020629883,"y":90.77938842773438,"z":91.71707153320313},"rotation":{"x":-0.4028412103652954,"y":0.05900445953011513,"z":0.02593781054019928,"w":0.9130733609199524},"size":128.6421661376953,"orthographic":false}