{"cameraMode":{"drawMode":0,"name":"Shaded","section":"Shading Mode"},"sceneLighting":false,"audioPlay":false,"sceneViewState":{"showFog":false,"showMaterialUpdate":false,"showSkybox":true,"showFlares":true,"showImageEffects":true,"showParticleSystems":true},"in2DMode":false,"pivot":{"x":31.399999618530275,"y":36.70000076293945,"z":39.0},"rotation":{"x":0.05216822400689125,"y":-0.009877565316855908,"z":-0.0006174988811835647,"w":-0.9986631870269775},"size":85.20499420166016,"orthographic":false}