{"cameraMode":{"drawMode":0,"name":"Shaded","section":"Shading Mode"},"sceneLighting":false,"audioPlay":false,"sceneViewState":{"showFog":false,"showMaterialUpdate":false,"showSkybox":true,"showFlares":true,"showImageEffects":true,"showParticleSystems":true},"in2DMode":false,"pivot":{"x":2.8595070838928224,"y":20.09636688232422,"z":40.77781677246094},"rotation":{"x":-0.004808242432773113,"y":-0.03389233723282814,"z":0.00011092971544712782,"w":-0.9994663596153259},"size":59.263214111328128,"orthographic":false}