{"cameraMode":{"drawMode":0,"name":"Shaded","section":"Shading Mode"},"sceneLighting":false,"audioPlay":false,"sceneViewState":{"showFog":false,"showMaterialUpdate":false,"showSkybox":true,"showFlares":true,"showImageEffects":true,"showParticleSystems":true},"in2DMode":false,"pivot":{"x":75.06747436523438,"y":99.41035461425781,"z":636.050537109375},"rotation":{"x":-0.0692371279001236,"y":-0.02302112802863121,"z":0.0016987330745905638,"w":-0.9973846077919006},"size":1303.6929931640625,"orthographic":false}