{"cameraMode":{"drawMode":0,"name":"Shaded","section":"Shading Mode"},"sceneLighting":false,"audioPlay":false,"sceneViewState":{"showFog":false,"showMaterialUpdate":false,"showSkybox":true,"showFlares":true,"showImageEffects":true,"showParticleSystems":true},"in2DMode":false,"pivot":{"x":-38.13096237182617,"y":-6.931373596191406,"z":209.131103515625},"rotation":{"x":-0.00930258259177208,"y":-0.03839218616485596,"z":0.0003578441683202982,"w":-0.9992234706878662},"size":235.4886474609375,"orthographic":false}