{"cameraMode":{"drawMode":0,"name":"Shaded","section":"Shading Mode"},"sceneLighting":false,"audioPlay":false,"sceneViewState":{"showFog":false,"showMaterialUpdate":false,"showSkybox":true,"showFlares":true,"showImageEffects":true,"showParticleSystems":true},"in2DMode":false,"pivot":{"x":-10.012304306030274,"y":11.92955493927002,"z":155.19976806640626},"rotation":{"x":-0.007500053383409977,"y":0.004500053357332945,"z":0.000030070417778915726,"w":0.9999692440032959},"size":105.26129913330078,"orthographic":false}