{"cameraMode":{"drawMode":0,"name":"Shaded","section":"Shading Mode"},"sceneLighting":false,"audioPlay":false,"sceneViewState":{"showFog":false,"showMaterialUpdate":false,"showSkybox":true,"showFlares":true,"showImageEffects":true,"showParticleSystems":true},"in2DMode":false,"pivot":{"x":-0.3689420223236084,"y":13.48543643951416,"z":49.31639099121094},"rotation":{"x":-0.00030860560946166515,"y":0.0021010241471230985,"z":0.00001642523056943901,"w":-1.0000410079956055},"size":78.40584564208985,"orthographic":false}