{"cameraMode":{"drawMode":0,"name":"Shaded","section":"Shading Mode"},"sceneLighting":false,"audioPlay":false,"sceneViewState":{"showFog":false,"showMaterialUpdate":false,"showSkybox":true,"showFlares":true,"showImageEffects":true,"showParticleSystems":true},"in2DMode":false,"pivot":{"x":-8.98418140411377,"y":-9.284208297729493,"z":44.172725677490237},"rotation":{"x":0.09875169396400452,"y":-0.0417822003364563,"z":0.004151440691202879,"w":0.9942304491996765},"size":86.7099609375,"orthographic":false}