{"cameraMode":{"drawMode":0,"name":"Shaded","section":"Shading Mode"},"sceneLighting":false,"audioPlay":false,"sceneViewState":{"showFog":false,"showMaterialUpdate":false,"showSkybox":true,"showFlares":true,"showImageEffects":true,"showParticleSystems":true},"in2DMode":false,"pivot":{"x":-7.596076965332031,"y":22.547941207885743,"z":37.281890869140628},"rotation":{"x":-0.004808242432773113,"y":-0.03389233723282814,"z":0.00011092971544712782,"w":-0.9994663596153259},"size":75.33293914794922,"orthographic":false}